2020-01-01,1.594,1.487
2020-01-02,1.595,1.487
2020-01-03,1.596,1.488
2020-01-04,1.598,1.491
2020-01-05,1.599,1.492
2020-01-06,1.599,1.492
2020-01-07,1.599,1.492
2020-01-08,1.6,1.493
2020-01-09,1.6,1.493
2020-01-10,1.6,1.494
2020-01-11,1.6,1.493
2020-01-12,1.6,1.493
2020-01-13,1.6,1.494
2020-01-14,1.6,1.493
2020-01-15,1.599,1.493
2020-01-16,1.598,1.492
2020-01-17,1.597,1.491
2020-01-18,1.597,1.491
2020-01-19,1.597,1.49
2020-01-20,1.596,1.49
2020-01-21,1.596,1.49
2020-01-22,1.595,1.489
2020-01-23,1.595,1.488
2020-01-24,1.594,1.487
2020-01-25,1.592,1.485
2020-01-26,1.592,1.484
2020-01-27,1.591,1.484
2020-01-28,1.589,1.482
2020-01-29,1.587,1.48
2020-01-30,1.586,1.478
2020-01-31,1.585,1.477
2020-02-01,1.583,1.475
2020-02-02,1.582,1.474
2020-02-03,1.581,1.473
2020-02-04,1.579,1.47
2020-02-05,1.577,1.468
2020-02-06,1.575,1.465
2020-02-07,1.573,1.463
2020-02-08,1.571,1.461
2020-02-09,1.57,1.46
2020-02-10,1.57,1.46
2020-02-11,1.568,1.458
2020-02-12,1.566,1.456
2020-02-13,1.565,1.454
2020-02-14,1.564,1.453
2020-02-15,1.565,1.453
2020-02-16,1.564,1.453
2020-02-17,1.564,1.453
2020-02-18,1.564,1.453
2020-02-19,1.564,1.452
2020-02-20,1.563,1.452
2020-02-21,1.563,1.452
2020-02-22,1.563,1.451
2020-02-23,1.563,1.451
2020-02-24,1.563,1.451
2020-02-25,1.562,1.45
2020-02-26,1.561,1.449
2020-02-27,1.56,1.448
2020-02-28,1.559,1.446
2020-02-29,1.556,1.443
2020-03-01,1.555,1.442
2020-03-02,1.554,1.441
2020-03-03,1.551,1.438
2020-03-04,1.549,1.435
2020-03-05,1.546,1.433
2020-03-06,1.545,1.431
2020-03-07,1.543,1.429
2020-03-08,1.541,1.428
2020-03-09,1.541,1.427
2020-03-10,1.536,1.423
2020-03-11,1.532,1.419
2020-03-12,1.529,1.415
2020-03-13,1.526,1.413
2020-03-14,1.522,1.408
2020-03-15,1.52,1.407
2020-03-16,1.52,1.406
2020-03-17,1.517,1.404
2020-03-18,1.515,1.402
2020-03-19,1.512,1.399
2020-03-20,1.511,1.397
2020-03-21,1.509,1.396
2020-03-22,1.508,1.395
2020-03-23,1.507,1.394
2020-03-24,1.505,1.392
2020-03-25,1.502,1.389
2020-03-26,1.5,1.387
2020-03-27,1.498,1.385
2020-03-28,1.496,1.383
2020-03-29,1.495,1.382
2020-03-30,1.494,1.381
2020-03-31,1.491,1.379
2020-04-01,1.489,1.376
2020-04-02,1.486,1.373
2020-04-03,1.483,1.37
2020-04-04,1.48,1.368
2020-04-05,1.479,1.367
2020-04-06,1.479,1.366
2020-04-07,1.476,1.364
2020-04-08,1.474,1.361
2020-04-09,1.472,1.359
2020-04-10,1.47,1.358
2020-04-11,1.468,1.356
2020-04-12,1.467,1.355
2020-04-13,1.467,1.355
2020-04-14,1.466,1.355
2020-04-15,1.464,1.353
2020-04-16,1.462,1.351
2020-04-17,1.46,1.349
2020-04-18,1.457,1.347
2020-04-19,1.457,1.346
2020-04-20,1.456,1.346
2020-04-21,1.454,1.343
2020-04-22,1.451,1.341
2020-04-23,1.448,1.338
2020-04-24,1.445,1.335
2020-04-25,1.442,1.332
2020-04-26,1.441,1.331
2020-04-27,1.44,1.331
2020-04-28,1.437,1.327
2020-04-29,1.433,1.324
2020-04-30,1.431,1.321
2020-05-01,1.428,1.318
2020-05-02,1.427,1.317
2020-05-03,1.426,1.316
2020-05-04,1.425,1.315
2020-05-05,1.422,1.311
2020-05-06,1.419,1.308
2020-05-08,1.415,1.303
2020-05-09,1.413,1.3
2020-05-10,1.412,1.299
2020-05-11,1.412,1.3
2020-05-12,1.411,1.298
2020-05-13,1.409,1.296
2020-05-14,1.408,1.295
2020-05-15,1.406,1.293
2020-05-16,1.405,1.292
2020-05-17,1.405,1.291
2020-05-18,1.404,1.291
2020-05-19,1.405,1.292
2020-05-20,1.408,1.294
2020-05-21,1.408,1.295
2020-05-22,1.41,1.297
2020-05-23,1.411,1.297
2020-05-24,1.411,1.297
2020-05-25,1.411,1.297
2020-05-26,1.411,1.298
2020-05-27,1.412,1.298
2020-05-28,1.412,1.298
2020-05-29,1.411,1.297
2020-05-30,1.411,1.297
2020-05-31,1.41,1.296
2020-06-01,1.41,1.296
2020-06-02,1.41,1.296
2020-06-03,1.41,1.296
2020-06-04,1.41,1.296
2020-06-05,1.411,1.297
2020-06-06,1.412,1.297
2020-06-07,1.412,1.297
2020-06-08,1.412,1.297
2020-06-09,1.413,1.299
2020-06-10,1.415,1.3
2020-06-11,1.416,1.301
2020-06-12,1.416,1.301
2020-06-13,1.416,1.301
2020-06-14,1.416,1.301
2020-06-15,1.416,1.301
2020-06-16,1.416,1.301
2020-06-17,1.417,1.302
2020-06-18,1.419,1.303
2020-06-19,1.422,1.306
2020-06-20,1.424,1.308
2020-06-21,1.424,1.308
2020-06-22,1.424,1.308
2020-06-24,1.429,1.313
2020-06-25,1.431,1.314
2020-06-26,1.432,1.315
2020-06-27,1.432,1.315
2020-06-28,1.432,1.315
2020-06-29,1.432,1.315
2020-06-30,1.433,1.315
2020-07-01,1.433,1.315
2020-07-02,1.433,1.316
2020-07-03,1.434,1.316
2020-07-04,1.434,1.316
2020-07-05,1.434,1.316
2020-07-06,1.434,1.317
2020-07-07,1.435,1.318
2020-07-08,1.436,1.319
2020-07-09,1.436,1.319
2020-07-10,1.436,1.319
2020-07-11,1.436,1.319
2020-07-12,1.436,1.319
2020-07-13,1.436,1.319
2020-07-14,1.436,1.319
2020-07-15,1.437,1.319
2020-07-16,1.437,1.319
2020-07-17,1.437,1.319
2020-07-18,1.437,1.319
2020-07-19,1.437,1.319
2020-07-20,1.437,1.319
2020-07-21,1.436,1.319
2020-07-22,1.436,1.319
2020-07-23,1.436,1.319
2020-07-24,1.436,1.319
2020-07-25,1.436,1.319
2020-07-26,1.436,1.319
2020-07-27,1.436,1.319
2020-07-28,1.436,1.319
2020-07-29,1.436,1.319
2020-07-30,1.436,1.319
2020-07-31,1.436,1.319
2020-08-01,1.436,1.318
2020-08-02,1.435,1.318
2020-08-03,1.435,1.318
2020-08-04,1.435,1.317
2020-08-05,1.434,1.316
2020-08-06,1.433,1.316
2020-08-07,1.433,1.316
2020-08-08,1.433,1.316
2020-08-09,1.433,1.315
2020-08-10,1.433,1.315
2020-08-11,1.433,1.316
2020-08-12,1.433,1.316
2020-08-13,1.433,1.316
2020-08-14,1.433,1.316
2020-08-15,1.433,1.316
2020-08-16,1.433,1.316
2020-08-17,1.433,1.316
2020-08-18,1.433,1.316
2020-08-19,1.433,1.316
2020-08-20,1.433,1.315
2020-08-21,1.433,1.315
2020-08-22,1.433,1.315
2020-08-23,1.433,1.315
2020-08-24,1.433,1.315
2020-08-25,1.433,1.315
2020-08-26,1.434,1.315
2020-08-27,1.434,1.315
2020-08-28,1.434,1.315
2020-08-29,1.433,1.314
2020-08-30,1.433,1.314
2020-08-31,1.433,1.314
2020-09-01,1.433,1.314
2020-09-02,1.433,1.314
2020-09-03,1.433,1.313
2020-09-04,1.433,1.313
2020-09-05,1.432,1.312
2020-09-06,1.432,1.312
2020-09-07,1.432,1.312
2020-09-08,1.432,1.311
2020-09-09,1.431,1.31
2020-09-10,1.43,1.309
2020-09-11,1.429,1.308
2020-09-12,1.428,1.306
2020-09-13,1.428,1.306
2020-09-14,1.428,1.306
2020-09-15,1.427,1.304
2020-09-16,1.426,1.303
2020-09-17,1.426,1.303
2020-09-18,1.425,1.302
2020-09-19,1.427,1.302
2020-09-20,1.426,1.301
2020-09-21,1.426,1.301
2020-09-22,1.427,1.301
2020-09-23,1.426,1.3
2020-09-24,1.426,1.3
2020-09-25,1.426,1.299
2020-09-26,1.426,1.299
2020-09-27,1.425,1.299
2020-09-28,1.425,1.299
2020-09-29,1.425,1.298
2020-09-30,1.425,1.298
2020-10-01,1.425,1.298
2020-10-02,1.425,1.297
2020-10-03,1.424,1.297
2020-10-04,1.424,1.297
2020-10-05,1.424,1.297
2020-10-06,1.424,1.296
2020-10-07,1.424,1.296
2020-10-08,1.424,1.296
2020-10-09,1.425,1.296
2020-10-10,1.425,1.296
2020-10-11,1.425,1.296
2020-10-12,1.425,1.296
2020-10-13,1.425,1.296
2020-10-14,1.425,1.295
2020-10-15,1.425,1.295
2020-10-16,1.425,1.295
2020-10-17,1.425,1.295
2020-10-18,1.425,1.295
2020-10-19,1.425,1.295
2020-10-20,1.424,1.294
2020-10-21,1.424,1.294
2020-10-22,1.424,1.294
2020-10-23,1.424,1.294
2020-10-24,1.423,1.293
2020-10-25,1.423,1.293
2020-10-26,1.423,1.293
2020-10-27,1.423,1.293
2020-10-28,1.422,1.292
2020-10-29,1.422,1.291
2020-10-30,1.422,1.291
2020-10-31,1.421,1.29
2020-11-01,1.421,1.29
2020-11-02,1.42,1.289
2020-11-03,1.419,1.288
2020-11-04,1.418,1.287
2020-11-05,1.418,1.286
2020-11-06,1.418,1.286
2020-11-07,1.417,1.286
2020-11-08,1.417,1.285
2020-11-09,1.417,1.285
2020-11-10,1.417,1.286
2020-11-11,1.418,1.286
2020-11-12,1.419,1.288
2020-11-13,1.421,1.29
2020-11-14,1.422,1.291
2020-11-15,1.422,1.291
2020-11-16,1.423,1.291
2020-11-17,1.423,1.292
2020-11-18,1.424,1.293
2020-11-19,1.425,1.294
2020-11-20,1.425,1.294
2020-11-21,1.426,1.295
2020-11-22,1.426,1.295
2020-11-23,1.426,1.295
2020-11-24,1.427,1.296
2020-11-25,1.428,1.297
2020-11-26,1.431,1.301
2020-11-27,1.433,1.303
2020-11-28,1.435,1.305
2020-11-29,1.435,1.305
2020-11-30,1.435,1.306
2020-12-01,1.436,1.307
2020-12-02,1.437,1.307
2020-12-03,1.437,1.308
2020-12-04,1.437,1.308
2020-12-05,1.437,1.309
2020-12-06,1.438,1.309
2020-12-07,1.438,1.309
2020-12-08,1.438,1.309
2020-12-09,1.438,1.31
2020-12-10,1.439,1.311
2020-12-11,1.44,1.313
2020-12-12,1.442,1.315
2020-12-13,1.443,1.316
2020-12-14,1.443,1.316
2020-12-15,1.445,1.318
2020-12-16,1.447,1.32
2020-12-17,1.449,1.323
2020-12-18,1.451,1.324
2020-12-19,1.453,1.326
2020-12-20,1.453,1.327
2020-12-21,1.453,1.327
2020-12-22,1.454,1.328
2020-12-23,1.455,1.329
2020-12-24,1.456,1.33
2020-12-26,1.457,1.331
2020-12-27,1.457,1.331
2020-12-28,1.457,1.331
2020-12-29,1.457,1.332
2020-12-30,1.458,1.333
2020-12-31,1.459,1.334
2021-01-01,1.459,1.335
2021-01-02,1.459,1.335
2021-01-03,1.46,1.335
2021-01-04,1.46,1.335
2021-01-05,1.46,1.336
2021-01-06,1.46,1.337
2021-01-07,1.46,1.337
2021-01-08,1.462,1.339
2021-01-09,1.464,1.341
2021-01-10,1.464,1.341
2021-01-11,1.464,1.342
2021-01-12,1.467,1.344
2021-01-13,1.47,1.347
2021-01-14,1.473,1.349
2021-01-15,1.475,1.351
2021-01-16,1.477,1.352
2021-01-17,1.478,1.353
2021-01-18,1.478,1.354
2021-01-19,1.48,1.355
2021-01-20,1.481,1.356
2021-01-21,1.482,1.357
2021-01-22,1.483,1.358
2021-01-23,1.484,1.358
2021-01-24,1.484,1.359
2021-01-25,1.485,1.359
2021-01-26,1.485,1.359
2021-01-27,1.486,1.36
2021-01-28,1.487,1.361
2021-01-29,1.487,1.362
2021-01-30,1.488,1.362
2021-01-31,1.488,1.362
2021-02-01,1.488,1.363
2021-02-02,1.488,1.363
2021-02-03,1.489,1.364
2021-02-04,1.493,1.368
2021-02-05,1.495,1.37
2021-02-06,1.498,1.373
2021-02-07,1.499,1.374
2021-02-08,1.499,1.374
2021-02-09,1.502,1.377
2021-02-10,1.504,1.379
2021-02-11,1.505,1.38
2021-02-12,1.506,1.381
2021-02-13,1.507,1.382
2021-02-14,1.507,1.382
2021-02-15,1.507,1.382
2021-02-16,1.51,1.385
2021-02-17,1.513,1.388
2021-02-18,1.515,1.391
2021-02-19,1.519,1.394
2021-02-22,1.522,1.398
2021-02-23,1.524,1.399
2021-02-24,1.527,1.402
2021-02-25,1.529,1.405
2021-02-26,1.533,1.408
2021-02-27,1.529,1.402
2021-02-28,1.53,1.403
2021-03-01,1.53,1.403
2021-03-02,1.532,1.405
2021-03-03,1.534,1.407
2021-03-04,1.536,1.409
2021-03-05,1.537,1.41
2021-03-06,1.541,1.413
2021-03-07,1.542,1.415
2021-03-08,1.543,1.415
2021-03-09,1.547,1.419
2021-03-10,1.55,1.422
2021-03-11,1.551,1.423
2021-03-12,1.553,1.425
2021-03-13,1.557,1.428
2021-03-14,1.559,1.429
2021-03-15,1.559,1.429
2021-03-16,1.563,1.432
2021-03-17,1.565,1.433
2021-03-18,1.567,1.434
2021-03-19,1.568,1.435
2021-03-20,1.569,1.436
2021-03-21,1.569,1.436
2021-03-22,1.569,1.436
2021-03-23,1.568,1.435
2021-03-24,1.568,1.434
2021-03-25,1.568,1.434
2021-03-26,1.568,1.434
2021-03-27,1.568,1.434
2021-03-28,1.568,1.434
2021-03-29,1.567,1.433
2021-03-30,1.567,1.433
2021-03-31,1.567,1.432
2021-04-01,1.567,1.432
2021-04-02,1.568,1.432
2021-04-03,1.568,1.432
2021-04-04,1.568,1.432
2021-04-05,1.568,1.432
2021-04-06,1.568,1.432
2021-04-07,1.568,1.432
2021-04-08,1.568,1.432
2021-04-09,1.568,1.432
2021-04-10,1.568,1.432
2021-04-11,1.568,1.432
2021-04-12,1.568,1.432
2021-04-13,1.568,1.432
2021-04-14,1.568,1.432
2021-04-15,1.568,1.431
2021-04-16,1.569,1.432
2021-04-17,1.57,1.433
2021-04-18,1.57,1.433
2021-04-19,1.57,1.433
2021-04-20,1.571,1.433
2021-04-21,1.571,1.434
2021-04-22,1.571,1.434
2021-04-23,1.571,1.434
2021-04-24,1.571,1.434
2021-04-25,1.571,1.434
2021-04-26,1.571,1.433
2021-04-27,1.571,1.433
2021-04-28,1.571,1.433
2021-04-29,1.571,1.433
2021-04-30,1.573,1.434
2021-05-01,1.574,1.436
2021-05-02,1.574,1.436
2021-05-03,1.574,1.436
2021-05-04,1.575,1.437
2021-05-05,1.576,1.437
2021-05-06,1.578,1.44
2021-05-07,1.58,1.442
2021-05-08,1.582,1.443
2021-05-09,1.582,1.444
2021-05-10,1.583,1.444
2021-05-11,1.584,1.445
2021-05-12,1.585,1.445
2021-05-13,1.585,1.446
2021-05-14,1.586,1.446
2021-05-15,1.586,1.446
2021-05-16,1.586,1.446
2021-05-17,1.585,1.445
2021-05-18,1.585,1.445
2021-05-19,1.586,1.446
2021-05-20,1.586,1.446
2021-05-21,1.586,1.446
2021-05-22,1.586,1.446
2021-05-23,1.586,1.446
2021-05-24,1.585,1.445
2021-05-25,1.585,1.445
2021-05-26,1.585,1.445
2021-05-27,1.585,1.445
2021-05-28,1.585,1.445
2021-05-29,1.585,1.445
2021-05-30,1.586,1.445
2021-05-31,1.585,1.445
2021-06-01,1.586,1.446
2021-06-02,1.587,1.447
2021-06-03,1.588,1.448
2021-06-04,1.589,1.449
2021-06-05,1.59,1.451
2021-06-06,1.591,1.451
2021-06-07,1.591,1.451
2021-06-08,1.592,1.452
2021-06-09,1.593,1.453
2021-06-10,1.593,1.454
2021-06-11,1.594,1.455
2021-06-12,1.596,1.457
2021-06-13,1.596,1.458
2021-06-14,1.597,1.458
2021-07-01,1.62,1.482
2021-07-02,1.622,1.483
2021-07-03,1.624,1.485
2021-07-04,1.625,1.486
2021-07-05,1.625,1.486
2021-07-06,1.629,1.49
2021-07-07,1.632,1.493
2021-07-08,1.634,1.495
2021-07-09,1.635,1.495
2021-07-10,1.637,1.497
2021-07-11,1.637,1.497
2021-07-12,1.637,1.497
2021-07-13,1.639,1.498
2021-07-14,1.64,1.499
2021-07-15,1.641,1.5
2021-07-16,1.642,1.501
2021-07-17,1.643,1.501
2021-07-18,1.643,1.502
2021-07-19,1.643,1.501
2021-07-20,1.643,1.501
2021-07-21,1.643,1.501
2021-07-22,1.643,1.5
2021-07-23,1.643,1.5
2021-07-24,1.643,1.501
2021-07-25,1.644,1.501
2021-07-26,1.643,1.5
2021-07-27,1.643,1.5
2021-07-28,1.644,1.5
2021-07-29,1.644,1.5
2021-07-30,1.645,1.501
2021-07-31,1.646,1.501
2021-08-01,1.646,1.501
2021-08-02,1.646,1.501
2021-08-03,1.646,1.501
2021-08-04,1.647,1.502
2021-08-05,1.647,1.502
2021-08-06,1.647,1.502
2021-08-07,1.648,1.502
2021-08-08,1.648,1.502
2021-08-09,1.647,1.501
2021-08-10,1.647,1.501
2021-08-11,1.647,1.501
2021-08-12,1.647,1.501
2021-08-13,1.648,1.501
2021-08-14,1.648,1.501
2021-08-15,1.648,1.501
2021-08-16,1.647,1.501
2021-08-17,1.647,1.501
2021-08-18,1.647,1.501
2021-08-19,1.647,1.5
2021-08-20,1.647,1.5
2021-08-21,1.646,1.499
2021-08-22,1.646,1.499
2021-08-23,1.645,1.498
2021-08-24,1.645,1.497
2021-08-25,1.644,1.496
2021-08-26,1.644,1.496
2021-08-27,1.644,1.496
2021-08-28,1.645,1.497
2021-08-29,1.645,1.497
2021-08-30,1.646,1.497
2021-08-31,1.646,1.497
2021-09-01,1.647,1.498
2021-09-02,1.647,1.498
2021-09-03,1.647,1.498
2021-09-04,1.648,1.499
2021-09-05,1.649,1.5
2021-09-06,1.649,1.5
2021-09-07,1.65,1.5
2021-09-08,1.651,1.502
2021-09-09,1.652,1.502
2021-09-10,1.653,1.503
2021-09-11,1.654,1.503
2021-09-12,1.654,1.503
2021-09-13,1.654,1.503
2021-09-14,1.656,1.504
2021-09-15,1.657,1.506
2021-09-16,1.659,1.507
2021-09-17,1.66,1.508
2021-09-18,1.661,1.509
2021-09-19,1.661,1.509
2021-09-20,1.661,1.509
2021-09-21,1.662,1.51
2021-09-22,1.662,1.511
2021-09-23,1.663,1.511
2021-09-24,1.664,1.513
2021-09-25,1.667,1.516
2021-09-26,1.667,1.517
2021-09-27,1.667,1.517
2021-09-28,1.67,1.52
2021-09-29,1.672,1.523
2021-09-30,1.673,1.525
2021-10-01,1.674,1.526
2021-10-02,1.677,1.53
2021-10-03,1.678,1.531
2021-10-04,1.678,1.532
2021-10-05,1.682,1.536
2021-10-06,1.689,1.544
2021-10-07,1.694,1.551
2021-10-08,1.697,1.555
2021-10-09,1.7,1.558
2021-10-10,1.702,1.561
2021-10-11,1.702,1.561
2021-10-12,1.706,1.566
2021-10-13,1.711,1.572
2021-10-14,1.714,1.575
2021-10-15,1.716,1.578
2021-10-16,1.719,1.582
2021-10-17,1.721,1.583
2021-10-18,1.721,1.584
2021-10-19,1.725,1.589
2021-10-20,1.727,1.592
2021-10-21,1.729,1.593
2021-10-22,1.73,1.595
2021-10-23,1.73,1.596
2021-10-24,1.731,1.596
2021-10-25,1.73,1.596
2021-10-26,1.731,1.597
2021-10-27,1.733,1.599
2021-10-28,1.734,1.6
2021-10-29,1.735,1.601
2021-10-30,1.735,1.601
2021-10-31,1.736,1.601
2021-11-01,1.736,1.601
2021-11-02,1.736,1.601
2021-11-03,1.736,1.602
2021-11-04,1.736,1.602
2021-11-05,1.736,1.602
2021-11-06,1.737,1.602
2021-11-07,1.737,1.602
2021-11-08,1.736,1.602
2021-11-09,1.736,1.602
2021-11-10,1.737,1.602
2021-11-11,1.736,1.602
2021-11-12,1.736,1.602
2021-11-13,1.736,1.602
2021-11-14,1.736,1.602
2021-11-15,1.736,1.602
2021-11-16,1.736,1.602
2021-11-17,1.736,1.602
2021-11-18,1.735,1.601
2021-11-19,1.735,1.601
2021-11-20,1.735,1.601
2021-11-21,1.735,1.601
2021-11-22,1.734,1.6
2021-11-23,1.734,1.6
2021-11-24,1.733,1.599
2021-11-25,1.733,1.599
2021-11-26,1.733,1.599
2021-11-27,1.733,1.599
2021-11-28,1.733,1.599
2021-11-29,1.732,1.598
2021-11-30,1.731,1.598
2021-12-01,1.73,1.597
2021-12-02,1.729,1.595
2021-12-03,1.727,1.593
2021-12-04,1.725,1.591
2021-12-05,1.724,1.59
2021-12-06,1.723,1.589
2021-12-07,1.721,1.588
2021-12-08,1.72,1.587
2021-12-09,1.72,1.586
2021-12-10,1.719,1.586
2021-12-11,1.719,1.585
2021-12-12,1.718,1.585
2021-12-13,1.718,1.584
2021-12-14,1.717,1.584
2021-12-15,1.717,1.583
2021-12-16,1.716,1.583
2021-12-17,1.716,1.582
2021-12-18,1.715,1.582
2021-12-19,1.715,1.582
2021-12-20,1.715,1.581
2021-12-21,1.714,1.581
2021-12-22,1.714,1.58
2021-12-23,1.713,1.58
2021-12-24,1.713,1.579
2021-12-25,1.713,1.579
2021-12-26,1.713,1.579
2021-12-27,1.713,1.579
2021-12-28,1.713,1.579
2021-12-29,1.713,1.579
2021-12-30,1.714,1.58
2021-12-31,1.716,1.582
2022-01-01,1.716,1.582
2022-01-02,1.716,1.583
2022-01-03,1.717,1.583
2022-01-04,1.717,1.583
2022-01-05,1.718,1.584
2022-01-06,1.719,1.585
2022-01-07,1.72,1.586
2022-01-08,1.724,1.59
2022-01-09,1.725,1.592
2022-01-10,1.725,1.592
2022-01-11,1.728,1.595
2022-01-12,1.731,1.598
2022-01-13,1.735,1.602
2022-01-14,1.738,1.607
2022-01-15,1.742,1.611
2022-01-16,1.743,1.612
2022-01-17,1.743,1.612
2022-01-18,1.746,1.616
2022-01-19,1.751,1.622
2022-01-20,1.755,1.627
2022-01-21,1.76,1.632
2022-01-22,1.763,1.635
2022-01-23,1.764,1.636
2022-01-24,1.764,1.636
2022-01-25,1.766,1.639
2022-01-26,1.767,1.641
2022-01-27,1.769,1.643
2022-01-28,1.774,1.647
2022-01-29,1.78,1.654
2022-01-30,1.782,1.656
2022-01-31,1.783,1.657
2022-02-01,1.787,1.662
2022-02-02,1.791,1.666
2022-02-03,1.794,1.668
2022-02-04,1.795,1.67
2022-02-05,1.799,1.674
2022-02-06,1.8,1.675
2022-02-07,1.801,1.676
2022-02-08,1.805,1.68
2022-02-09,1.809,1.684
2022-02-10,1.811,1.686
2022-02-11,1.812,1.688
2022-02-12,1.814,1.689
2022-02-13,1.815,1.69
2022-02-14,1.815,1.69
2022-02-15,1.818,1.694
2022-02-16,1.824,1.699
2022-02-17,1.827,1.702
2022-02-18,1.829,1.704
2022-02-19,1.831,1.705
2022-02-20,1.831,1.706
2022-02-21,1.831,1.706
2022-02-22,1.833,1.707
2022-02-23,1.836,1.71
2022-02-24,1.838,1.712
2022-02-25,1.843,1.717
2022-02-26,1.851,1.726
2022-02-27,1.854,1.728
2022-02-28,1.855,1.729
2022-03-01,1.859,1.734
2022-03-02,1.868,1.743
2022-03-03,1.883,1.759
2022-03-04,1.905,1.788
2022-03-05,1.948,1.839
2022-03-06,1.965,1.861
2022-03-07,1.969,1.867
2022-03-08,2.004,1.917
2022-03-09,2.072,2.014
2022-03-10,2.127,2.107
2022-03-11,2.149,2.142
2022-03-12,2.16,2.153
2022-03-13,2.163,2.156
2022-03-14,2.163,2.156
2022-03-17,2.162,2.156
2022-03-18,2.176,2.171
2022-03-19,2.14,2.127
2022-03-20,2.133,2.119
2022-03-21,2.123,2.106
2022-03-22,2.111,2.091
2022-03-23,1.903,1.882
2022-03-24,1.846,1.824
2022-03-25,1.847,1.831
2022-03-26,1.848,1.836
2022-03-27,1.95,1.941
2022-03-28,1.948,1.939
2022-03-29,1.844,1.836
2022-03-30,1.84,1.832
2022-03-31,1.829,1.823
2022-04-01,1.822,1.816
2022-04-02,1.814,1.807
2022-04-03,1.807,1.8
2022-04-04,1.802,1.795
2022-04-05,1.801,1.794
2022-04-06,1.798,1.79
2022-04-07,1.795,1.787
2022-04-08,1.79,1.783
2022-04-09,1.784,1.776
2022-04-10,1.778,1.77
2022-04-11,1.774,1.766
2022-04-12,1.775,1.766
2022-04-13,1.772,1.761
2022-04-14,1.771,1.76
2022-04-15,1.772,1.762
2022-04-16,1.774,1.767
2022-04-17,1.771,1.764
2022-04-18,1.769,1.763
2022-04-19,1.775,1.769
2022-04-20,1.779,1.774
2022-04-21,1.781,1.777
2022-04-22,1.783,1.782
2022-04-23,1.783,1.783
2022-04-24,1.779,1.78
2022-04-25,1.777,1.778
2022-04-26,1.783,1.783
2022-04-27,1.782,1.784
2022-04-28,1.784,1.79
2022-04-29,1.789,1.798
2022-04-30,1.797,1.807
2022-05-01,1.796,1.808
2022-05-02,1.795,1.808
2022-05-03,1.807,1.821
2022-05-04,1.814,1.83
2022-05-05,1.818,1.835
2022-05-06,1.822,1.838
2022-05-07,1.824,1.84
2022-05-08,1.821,1.837
2022-05-09,1.82,1.836
2022-05-10,1.828,1.84
2022-05-11,1.829,1.839
2022-05-12,1.831,1.837
2022-05-13,1.832,1.834
2022-05-14,1.836,1.833
2022-05-15,1.835,1.83
2022-05-16,1.835,1.827
2022-05-17,1.851,1.832
2022-05-18,1.866,1.833
2022-05-19,1.875,1.832
2022-05-20,1.881,1.83
2022-05-21,1.884,1.827
2022-05-22,1.881,1.823
2022-05-23,1.88,1.82
2022-05-24,1.886,1.822
2022-05-25,1.887,1.82
2022-05-26,1.887,1.818
2022-05-27,1.89,1.818
2022-05-28,1.897,1.821
2022-05-29,1.896,1.819
2022-05-30,1.896,1.818
2022-05-31,1.907,1.826
2022-06-01,1.921,1.837
2022-06-02,1.941,1.854
2022-06-03,1.945,1.858
2022-06-04,1.956,1.869
2022-06-05,1.957,1.869
2022-06-06,1.958,1.869
2022-06-07,1.973,1.885
2022-06-08,1.994,1.91
2022-06-09,2.004,1.925
2022-06-10,2.013,1.938
2022-06-11,2.025,1.954
2022-06-12,2.028,1.957
2022-06-13,2.028,1.958
2022-06-14,2.038,1.969
2022-06-15,2.046,1.979
2022-06-16,2.053,1.99
2022-06-17,2.059,2.005
2022-06-18,2.061,2.013
2022-06-19,2.061,2.014
2022-06-20,2.059,2.014
2022-06-21,2.059,2.019
2022-06-22,2.06,2.021
2022-06-23,2.063,2.025
2022-06-24,2.063,2.026
2022-06-25,2.062,2.026
2022-06-26,2.062,2.025
2022-06-27,2.06,2.024
2022-06-28,2.061,2.025
2022-06-29,2.06,2.025
2022-06-30,2.059,2.023
2022-07-01,2.057,2.021
2022-07-02,2.053,2.016
2022-07-03,2.051,2.013
2022-07-04,2.048,2.01
2022-07-05,2.045,2.005
2022-07-06,2.043,2.002
2022-07-07,2.039,1.997
2022-07-08,2.033,1.991
2022-07-09,2.026,1.983
2022-07-10,2.022,1.978
2022-07-11,2.017,1.973
2022-07-12,2.012,1.966
2022-07-13,2.007,1.961
2022-07-14,2.003,1.956
2022-07-15,1.998,1.951
2022-07-16,1.991,1.944
2022-07-17,1.987,1.94
2022-07-18,1.982,1.935
2022-07-19,1.977,1.932
2022-07-20,1.971,1.926
2022-07-21,1.965,1.922
2022-07-22,1.956,1.916
2022-07-23,1.945,1.907
2022-07-24,1.937,1.9
2022-07-25,1.929,1.893
2022-07-26,1.917,1.884
2022-07-27,1.908,1.877
2022-07-28,1.9,1.871
2022-07-29,1.894,1.866
2022-07-30,1.89,1.865
2022-07-31,1.885,1.861
2022-08-01,1.88,1.857
2022-08-02,1.879,1.857
2022-08-03,1.872,1.851
2022-08-04,1.863,1.843
2022-08-05,1.854,1.835
2022-08-06,1.843,1.825
2022-08-07,1.835,1.818
2022-08-08,1.83,1.812
2022-08-09,1.823,1.806
2022-08-10,1.812,1.796
2022-08-11,1.804,1.789
2022-08-12,1.797,1.782
2022-08-13,1.79,1.776
2022-08-14,1.784,1.77
2022-08-15,1.778,1.765
2022-08-16,1.783,1.77
2022-08-17,1.779,1.766
2022-08-18,1.776,1.763
2022-08-19,1.774,1.764
2022-08-20,1.772,1.767
2022-08-21,1.767,1.765
2022-08-22,1.765,1.764
2022-08-23,1.771,1.777
2022-08-24,1.772,1.787
2022-08-25,1.775,1.8
2022-08-26,1.779,1.821
2022-08-27,1.779,1.832
2022-08-28,1.775,1.832
2022-08-29,1.774,1.832
2022-08-30,1.779,1.845
2022-08-31,1.778,1.853
2022-09-01,1.776,1.855
2022-09-02,1.772,1.853
2022-09-03,1.767,1.851
2022-09-04,1.76,1.847
2022-09-05,1.755,1.843
2022-09-06,1.757,1.846
2022-09-07,1.754,1.845
2022-09-08,1.75,1.842
2022-09-09,1.739,1.836
2022-09-10,1.735,1.833
2022-09-11,1.733,1.832
2022-09-12,1.73,1.831
2022-09-13,1.724,1.828
2022-09-14,1.72,1.826
2022-09-15,1.715,1.822
2022-09-16,1.71,1.817
2022-09-17,1.704,1.81
2022-09-18,1.701,1.806
2022-09-19,1.698,1.802
2022-09-20,1.691,1.794
2022-09-21,1.686,1.788
2022-09-22,1.681,1.782
2022-09-23,1.676,1.777
2022-09-24,1.671,1.772
2022-09-25,1.669,1.77
2022-09-26,1.666,1.766
2022-09-27,1.66,1.76
2022-09-28,1.655,1.756
2022-09-29,1.652,1.752
2022-09-30,1.651,1.752
2022-10-01,1.651,1.751
2022-10-02,1.65,1.751
2022-10-03,1.649,1.749
2022-10-04,1.649,1.749
2022-10-05,1.65,1.751
2022-10-06,1.659,1.765
2022-10-07,1.673,1.79
2022-10-08,1.686,1.819
2022-10-09,1.69,1.831
2022-10-10,1.691,1.834
2022-10-11,1.701,1.865
2022-10-12,1.705,1.883
2022-10-13,1.707,1.888
2022-10-14,1.707,1.89
2022-10-15,1.707,1.891
2022-10-16,1.708,1.892
2022-10-17,1.706,1.89
2022-10-18,1.706,1.89
2022-10-19,1.705,1.89
2022-10-20,1.704,1.889
2022-10-21,1.703,1.888
2022-10-22,1.701,1.886
2022-10-23,1.7,1.884
2022-10-24,1.698,1.883
2022-10-25,1.695,1.88
2022-10-26,1.694,1.879
2022-10-27,1.691,1.876
2022-10-28,1.689,1.873
2022-10-29,1.688,1.871
2022-10-30,1.688,1.87
2022-10-31,1.688,1.868
2022-11-01,1.687,1.867
2022-11-02,1.687,1.867
2022-11-03,1.687,1.864
2022-11-04,1.691,1.863
2022-11-05,1.701,1.864
2022-11-06,1.705,1.864
2022-11-07,1.706,1.864
2022-11-08,1.713,1.866
2022-11-09,1.718,1.866
2022-11-10,1.72,1.865
2022-11-11,1.72,1.863
2022-11-12,1.72,1.859
2022-11-13,1.72,1.857
2022-11-14,1.718,1.853
2022-11-15,1.717,1.847
2022-11-16,1.716,1.84
2022-11-17,1.713,1.833
2022-11-18,1.71,1.826
2022-11-19,1.706,1.817
2022-11-20,1.704,1.813
2022-11-21,1.702,1.808
2022-11-22,1.696,1.796
2022-11-23,1.69,1.787
2022-11-24,1.685,1.779
2022-11-25,1.679,1.77
2022-11-26,1.672,1.761
2022-11-27,1.668,1.756
2022-11-28,1.662,1.749
2022-11-29,1.653,1.738
2022-11-30,1.647,1.73
2022-12-01,1.692,1.773
2022-12-02,1.734,1.812
2022-12-03,1.735,1.813
2022-12-04,1.736,1.813
2022-12-05,1.736,1.812
2022-12-06,1.733,1.808
2022-12-07,1.729,1.804
2022-12-08,1.721,1.795
2022-12-09,1.719,1.792
2022-12-10,1.711,1.783
2022-12-11,1.706,1.777
2022-12-12,1.7,1.771
2022-12-13,1.686,1.755
2022-12-14,1.676,1.744
2022-12-15,1.67,1.737
2022-12-16,1.666,1.732
2022-12-17,1.662,1.729
2022-12-18,1.66,1.727
2022-12-19,1.656,1.723
2022-12-20,1.651,1.718
2022-12-21,1.645,1.712
2022-12-22,1.642,1.709
2022-12-23,1.639,1.705
2022-12-24,1.636,1.702
2022-12-25,1.635,1.701
2022-12-26,1.634,1.7
2022-12-27,1.633,1.699
2022-12-28,1.631,1.697
2022-12-29,1.63,1.696
2022-12-30,1.63,1.696
2022-12-31,1.634,1.699
2023-01-01,1.689,1.753
2023-01-02,1.755,1.818
2023-01-03,1.797,1.859
2023-01-04,1.806,1.868
2023-01-05,1.811,1.872
2023-01-06,1.813,1.873
2023-01-07,1.813,1.873
2023-01-08,1.814,1.873
2023-01-09,1.815,1.873
2023-01-10,1.817,1.873
2023-01-11,1.817,1.872
2023-01-12,1.815,1.869
2023-01-13,1.815,1.868
2023-01-14,1.816,1.868
2023-01-15,1.815,1.867
2023-01-16,1.815,1.867
2023-01-17,1.818,1.868
2023-01-18,1.82,1.87
2023-01-19,1.824,1.873
2023-01-20,1.829,1.878
2023-01-21,1.837,1.883
2023-01-22,1.84,1.886
2023-01-23,1.841,1.887
2023-01-24,1.853,1.897
2023-01-25,1.866,1.911
2023-01-26,1.872,1.916
2023-01-27,1.875,1.918
2023-01-28,1.877,1.92
2023-01-29,1.878,1.92
2023-01-30,1.877,1.919
2023-01-31,1.878,1.919
2023-02-01,1.877,1.916
2023-02-02,1.876,1.912
2023-02-03,1.875,1.907
2023-02-04,1.872,1.898
2023-02-05,1.872,1.894
2023-02-06,1.87,1.89
2023-02-07,1.867,1.88
2023-02-08,1.864,1.871
2023-02-09,1.863,1.866
2023-02-10,1.862,1.861
2023-02-11,1.861,1.857
2023-02-12,1.86,1.855
2023-02-13,1.859,1.852
2023-02-14,1.858,1.848
2023-02-15,1.86,1.847
2023-02-16,1.862,1.846
2023-02-17,1.863,1.846
2023-02-18,1.862,1.843
2023-02-19,1.862,1.842
2023-02-20,1.862,1.84
2023-02-21,1.86,1.835
2023-02-22,1.86,1.831
2023-02-23,1.859,1.828
2023-02-24,1.858,1.826
2023-02-25,1.857,1.823
2023-02-26,1.856,1.822
2023-02-27,1.856,1.82
2023-02-28,1.855,1.818
2023-03-01,1.855,1.817
2023-03-02,1.855,1.816
2023-03-03,1.855,1.816
2023-03-04,1.855,1.816
2023-03-05,1.855,1.816
2023-03-06,1.855,1.815
2023-03-07,1.857,1.817
2023-03-08,1.861,1.819
2023-03-09,1.862,1.82
2023-03-10,1.862,1.82
2023-03-11,1.862,1.819
2023-03-12,1.862,1.819
2023-03-13,1.861,1.818
2023-03-14,1.861,1.817
2023-03-15,1.861,1.816
2023-03-16,1.86,1.814
2023-03-17,1.858,1.81
2023-03-18,1.856,1.805
2023-03-19,1.856,1.804
2023-03-20,1.855,1.801
2023-03-21,1.854,1.798
2023-03-22,1.853,1.795
2023-03-23,1.852,1.793
2023-03-24,1.852,1.791
2023-03-25,1.853,1.787
2023-03-26,1.854,1.785
2023-03-27,1.854,1.784
2023-03-28,1.855,1.781
2023-03-29,1.857,1.779
2023-03-30,1.859,1.777
2023-03-31,1.86,1.775
2023-04-01,1.861,1.774
2023-04-02,1.861,1.773
2023-04-03,1.861,1.772
2023-04-04,1.864,1.771
2023-04-05,1.871,1.773
2023-04-06,1.874,1.773
2023-04-07,1.878,1.773
2023-04-08,1.88,1.773
2023-04-09,1.881,1.773
2023-04-10,1.881,1.773
2023-04-11,1.881,1.773
2023-04-12,1.883,1.772
2023-04-13,1.884,1.772
2023-04-14,1.887,1.771
2023-04-15,1.889,1.771
2023-04-16,1.889,1.771
2023-04-17,1.888,1.77
2023-04-18,1.888,1.768
2023-04-19,1.886,1.765
2023-04-20,1.885,1.761
2023-04-21,1.883,1.756
2023-04-22,1.878,1.747
2023-04-23,1.876,1.745
2023-04-24,1.874,1.742
2023-04-25,1.871,1.738
2023-04-26,1.871,1.737
2023-04-27,1.868,1.731
2023-04-28,1.863,1.724
2023-04-29,1.859,1.718
2023-04-30,1.858,1.715
2023-05-01,1.856,1.713
2023-05-02,1.856,1.712
2023-05-03,1.853,1.708
2023-05-04,1.846,1.7
2023-05-05,1.84,1.692
2023-05-06,1.835,1.686
2023-05-07,1.832,1.683
2023-05-08,1.83,1.68
2023-05-09,1.825,1.674
2023-05-10,1.821,1.67
2023-05-11,1.819,1.667
2023-05-12,1.818,1.665
2023-05-13,1.816,1.663
2023-05-14,1.815,1.662
2023-05-15,1.815,1.662
2023-05-16,1.813,1.659
2023-05-17,1.812,1.659
2023-05-18,1.812,1.659
2023-05-19,1.812,1.659
2023-05-20,1.814,1.66
2023-05-21,1.814,1.661
2023-05-22,1.814,1.661
2023-05-23,1.814,1.661
2023-05-24,1.816,1.662
2023-05-25,1.82,1.665
2023-05-26,1.823,1.667
2023-05-27,1.824,1.668
2023-05-28,1.824,1.668
2023-05-29,1.824,1.668
2023-05-30,1.826,1.668
2023-05-31,1.826,1.669
2023-06-01,1.826,1.668
2023-06-02,1.825,1.666
2023-06-03,1.825,1.666
2023-06-04,1.825,1.666
2023-06-05,1.825,1.666
2023-06-06,1.827,1.668
2023-06-07,1.828,1.669
2023-06-08,1.83,1.671
2023-06-09,1.833,1.673
2023-06-10,1.836,1.676
2023-06-11,1.837,1.677
2023-06-12,1.837,1.677
2023-06-13,1.839,1.678
2023-06-14,1.838,1.677
2023-06-15,1.839,1.677
2023-06-16,1.839,1.678
2023-06-17,1.843,1.682
2023-06-18,1.844,1.683
2023-06-19,1.845,1.683
2023-06-20,1.848,1.687
2023-06-21,1.85,1.69
2023-06-22,1.851,1.692
2023-06-23,1.853,1.694
2023-06-24,1.852,1.694
2023-06-25,1.852,1.694
2023-06-26,1.852,1.694
2023-06-27,1.851,1.693
2023-06-28,1.85,1.692
2023-06-29,1.848,1.69
2023-06-30,1.847,1.689
2023-07-01,1.846,1.687
2023-07-02,1.845,1.687
2023-07-03,1.845,1.687
2023-07-04,1.845,1.686
2023-07-05,1.844,1.685
2023-07-06,1.844,1.686
2023-07-07,1.845,1.687
2023-07-08,1.846,1.688
2023-07-09,1.847,1.689
2023-07-10,1.847,1.689
2023-07-11,1.849,1.692
2023-07-12,1.853,1.697
2023-07-13,1.856,1.701
2023-07-14,1.859,1.704
2023-07-15,1.861,1.708
2023-07-16,1.862,1.709
2023-07-17,1.862,1.709
2023-07-18,1.862,1.71
2023-07-19,1.86,1.708
2023-07-20,1.86,1.707
2023-07-21,1.862,1.71
2023-07-22,1.865,1.713
2023-07-23,1.866,1.714
2023-07-24,1.866,1.715
2023-07-25,1.873,1.721
2023-07-26,1.881,1.73
2023-07-27,1.89,1.739
2023-07-28,1.898,1.747
2023-07-29,1.905,1.757
2023-07-30,1.907,1.761
2023-07-31,1.908,1.762
2023-08-01,1.915,1.771
2023-08-02,1.922,1.781
2023-08-03,1.928,1.794
2023-08-04,1.93,1.801
2023-08-05,1.931,1.808
2023-08-06,1.932,1.811
2023-08-07,1.932,1.811
2023-08-08,1.933,1.815
2023-08-09,1.932,1.816
2023-08-10,1.934,1.82
2023-08-11,1.938,1.829
2023-08-12,1.941,1.838
2023-08-13,1.942,1.839
2023-08-14,1.942,1.84
2023-08-15,1.943,1.841
2023-08-16,1.944,1.842
2023-08-17,1.944,1.842
2023-08-18,1.944,1.842
2023-08-19,1.945,1.844
2023-08-20,1.945,1.844
2023-08-21,1.946,1.844
2023-08-22,1.946,1.846
2023-08-23,1.946,1.846
2023-08-24,1.947,1.847
2023-08-25,1.947,1.847
2023-08-26,1.948,1.849
2023-08-27,1.948,1.849
2023-08-28,1.949,1.85
2023-08-29,1.951,1.853
2023-08-30,1.954,1.857
2023-08-31,1.954,1.858
2023-09-01,1.953,1.857
2023-09-02,1.955,1.859
2023-09-03,1.956,1.86
2023-09-04,1.956,1.86
2023-09-05,1.958,1.862
2023-09-06,1.962,1.866
2023-09-07,1.965,1.871
2023-09-08,1.967,1.875
2023-09-09,1.972,1.883
2023-09-10,1.972,1.884
2023-09-11,1.972,1.884
2023-09-12,1.98,1.896
2023-09-13,1.985,1.907
2023-09-14,1.99,1.915
2023-09-15,1.994,1.923
2023-09-16,2.0,1.933
2023-09-17,2.001,1.935
2023-09-18,2.002,1.936
2023-09-19,2.003,1.939
2023-09-20,2.003,1.939
2023-09-21,2.001,1.937
2023-09-22,2.0,1.936
2023-09-23,1.999,1.937
2023-09-24,1.999,1.937
2023-09-25,1.999,1.937
2023-09-26,1.998,1.936
2023-09-27,1.995,1.934
2023-09-28,1.993,1.932
2023-09-29,1.992,1.932
2023-09-30,1.991,1.933
2023-10-01,1.99,1.933
2023-10-02,1.99,1.933
2023-10-03,1.988,1.934
2023-10-04,1.983,1.933
2023-10-05,1.974,1.93
2023-10-06,1.963,1.925
2023-10-07,1.951,1.918
2023-10-08,1.948,1.916
2023-10-09,1.947,1.916
2023-10-10,1.941,1.912
2023-10-11,1.934,1.91
2023-10-12,1.927,1.905
2023-10-13,1.922,1.902
2023-10-14,1.918,1.899
2023-10-15,1.917,1.898
2023-10-16,1.916,1.898
2023-10-17,1.914,1.897
2023-10-18,1.908,1.893
2023-10-19,1.903,1.89
2023-10-20,1.9,1.888
2023-10-21,1.898,1.887
2023-10-22,1.897,1.886
2023-10-23,1.897,1.886
2023-10-24,1.894,1.884
2023-10-25,1.889,1.88
2023-10-26,1.883,1.874
2023-10-27,1.877,1.87
2023-10-28,1.874,1.866
2023-10-29,1.873,1.865
2023-10-30,1.872,1.865
2023-10-31,1.868,1.861
2023-11-01,1.864,1.857
2023-11-02,1.864,1.856
2023-11-03,1.861,1.854
2023-11-04,1.86,1.853
2023-11-05,1.859,1.852
2023-11-06,1.859,1.852
2023-11-07,1.857,1.85
2023-11-08,1.853,1.846
2023-11-09,1.847,1.839
2023-11-10,1.841,1.83
2023-11-11,1.835,1.821
2023-11-12,1.834,1.819
2023-11-13,1.833,1.818
2023-11-14,1.83,1.813
2023-11-15,1.828,1.81
2023-11-16,1.827,1.808
2023-11-17,1.826,1.807
2023-11-18,1.821,1.803
2023-11-19,1.82,1.802
2023-11-20,1.82,1.801
2023-11-21,1.818,1.799
2023-11-22,1.816,1.797
2023-11-23,1.815,1.795
2023-11-24,1.813,1.792
2023-11-25,1.811,1.79
2023-11-26,1.811,1.79
2023-11-27,1.811,1.79
2023-11-28,1.81,1.788
2023-11-29,1.808,1.785
2023-11-30,1.808,1.784
2023-12-01,1.806,1.782
2023-12-02,1.802,1.778
2023-12-03,1.801,1.777
2023-12-04,1.801,1.776
2023-12-05,1.799,1.774
2023-12-06,1.796,1.77
2023-12-07,1.791,1.765
2023-12-08,1.786,1.759
2023-12-09,1.785,1.759
2023-12-10,1.784,1.757
2023-12-11,1.783,1.757
2023-12-12,1.78,1.753
2023-12-13,1.777,1.749
2023-12-14,1.774,1.743
2023-12-15,1.771,1.738
2023-12-16,1.77,1.735
2023-12-17,1.769,1.734
2023-12-18,1.768,1.733
2023-12-19,1.768,1.732
2023-12-20,1.769,1.732
2023-12-21,1.77,1.733
2023-12-22,1.772,1.735
2023-12-23,1.773,1.736
2023-12-24,1.773,1.736
2023-12-25,1.773,1.736
2023-12-26,1.773,1.736
2023-12-27,1.773,1.736
2023-12-28,1.776,1.738
2023-12-29,1.777,1.74
2023-12-30,1.778,1.74
2023-12-31,1.778,1.739
2024-01-01,1.778,1.739
2024-01-02,1.778,1.739
2024-01-03,1.778,1.739
2024-01-04,1.777,1.738
2024-01-05,1.778,1.738
2024-01-06,1.778,1.738
2024-01-07,1.778,1.737
2024-01-08,1.777,1.737
2024-01-09,1.777,1.736
2024-01-10,1.774,1.733
2024-01-11,1.772,1.731
2024-01-12,1.771,1.73
2024-01-13,1.773,1.731
2024-01-14,1.773,1.732
2024-01-15,1.773,1.732
2024-01-16,1.773,1.732
2024-01-17,1.776,1.734
2024-01-18,1.778,1.737
2024-01-19,1.78,1.739
2024-01-20,1.783,1.742
2024-01-21,1.783,1.743
2024-01-22,1.783,1.743
2024-01-23,1.786,1.746
2024-01-24,1.791,1.752
2024-01-25,1.796,1.756
2024-01-26,1.801,1.761
2024-01-27,1.807,1.767
2024-01-28,1.808,1.769
2024-01-29,1.808,1.769
2024-01-30,1.815,1.776
2024-01-31,1.822,1.784
2024-02-01,1.825,1.787
2024-02-02,1.828,1.791
2024-02-03,1.83,1.793
2024-02-04,1.83,1.793
2024-02-05,1.831,1.794
2024-02-06,1.83,1.793
2024-02-07,1.83,1.793
2024-02-08,1.831,1.794
2024-02-09,1.837,1.803
2024-02-10,1.847,1.814
2024-02-11,1.849,1.816
2024-02-12,1.85,1.818
2024-02-13,1.855,1.826
2024-02-14,1.861,1.832
2024-02-15,1.864,1.836
2024-02-16,1.864,1.836
2024-02-17,1.865,1.837
2024-02-18,1.865,1.837
2024-02-19,1.865,1.837
2024-02-20,1.865,1.836
2024-02-21,1.864,1.835
2024-02-22,1.863,1.834
2024-02-23,1.861,1.831
2024-02-24,1.859,1.828
2024-02-25,1.858,1.827
2024-02-26,1.858,1.827
2024-02-27,1.857,1.825
2024-02-28,1.856,1.823
2024-02-29,1.856,1.821
2024-03-01,1.855,1.818
2024-03-02,1.855,1.816
2024-03-03,1.855,1.815
2024-03-04,1.855,1.815
2024-03-05,1.857,1.814
2024-03-06,1.857,1.81
2024-03-07,1.857,1.808
2024-03-08,1.857,1.806
2024-03-09,1.855,1.804
2024-03-10,1.854,1.803
2024-03-11,1.854,1.802
2024-03-12,1.853,1.8
2024-03-13,1.852,1.798
2024-03-14,1.852,1.797
2024-03-15,1.853,1.796
2024-03-16,1.856,1.797
2024-03-17,1.858,1.798
2024-03-18,1.858,1.798
2024-03-19,1.864,1.802
2024-03-20,1.873,1.806
2024-03-21,1.879,1.807
2024-03-22,1.881,1.807
2024-03-23,1.882,1.806
2024-03-24,1.883,1.806
2024-03-25,1.883,1.806
2024-03-26,1.885,1.804
2024-03-27,1.886,1.802
2024-03-28,1.887,1.8
2024-03-29,1.888,1.798
2024-03-30,1.89,1.798
2024-03-31,1.89,1.797
2024-04-01,1.89,1.797
2024-04-02,1.89,1.797
2024-04-03,1.891,1.797
2024-04-04,1.896,1.801
2024-04-05,1.901,1.804
2024-04-06,1.906,1.808
2024-04-07,1.907,1.809
2024-04-08,1.907,1.809
2024-04-09,1.911,1.812
2024-04-10,1.912,1.811
2024-04-11,1.912,1.809
2024-04-12,1.911,1.808
2024-04-13,1.912,1.808
2024-04-14,1.913,1.808
2024-04-15,1.913,1.808
2024-04-16,1.916,1.809
2024-04-17,1.918,1.81
2024-04-18,1.921,1.81
2024-04-19,1.921,1.808
2024-04-20,1.921,1.805
2024-04-21,1.921,1.805
2024-04-22,1.921,1.804
2024-04-23,1.919,1.801
2024-04-24,1.918,1.798
2024-04-25,1.916,1.796
2024-04-26,1.916,1.795
2024-04-27,1.916,1.794
2024-04-28,1.915,1.793
2024-04-29,1.915,1.793
2024-04-30,1.915,1.79
2024-05-01,1.916,1.788
2024-05-02,1.917,1.787
2024-05-03,1.916,1.783
2024-05-04,1.914,1.779
2024-05-05,1.914,1.778
2024-05-06,1.913,1.778
2024-05-07,1.91,1.773
2024-05-08,1.907,1.768
2024-05-09,1.903,1.763
2024-05-10,1.901,1.759
2024-05-11,1.898,1.755
2024-05-12,1.897,1.754
2024-05-13,1.897,1.753
2024-05-14,1.894,1.75
2024-05-15,1.892,1.747
2024-05-16,1.889,1.743
2024-05-17,1.886,1.74
2024-05-18,1.884,1.738
2024-05-19,1.884,1.737
2024-05-20,1.883,1.736
2024-05-21,1.882,1.735
2024-05-22,1.881,1.733
2024-05-23,1.88,1.732
2024-05-24,1.877,1.729
2024-05-25,1.875,1.727
2024-05-26,1.875,1.726
2024-05-27,1.874,1.726
2024-05-28,1.872,1.724
2024-05-29,1.871,1.722
2024-05-30,1.87,1.72
2024-05-31,1.869,1.719
2024-06-01,1.867,1.716
2024-06-02,1.866,1.716
2024-06-03,1.866,1.715
2024-06-04,1.864,1.713
2024-06-05,1.86,1.709
2024-06-06,1.856,1.705
2024-06-07,1.853,1.702
2024-06-08,1.851,1.7
2024-06-09,1.85,1.699
2024-06-10,1.85,1.699
2024-06-11,1.848,1.697
2024-06-12,1.847,1.697
2024-06-13,1.848,1.699
2024-06-14,1.848,1.7
2024-06-15,1.85,1.706
2024-06-16,1.85,1.707
2024-06-17,1.851,1.708
2024-06-18,1.851,1.712
2024-06-19,1.852,1.718
2024-06-20,1.854,1.724
2024-06-21,1.855,1.728
2024-06-22,1.856,1.732
2024-06-23,1.857,1.733
2024-06-24,1.857,1.733
2024-06-25,1.858,1.736
2024-06-26,1.86,1.738
2024-06-27,1.86,1.739
2024-06-28,1.862,1.741
2024-06-29,1.863,1.744
2024-06-30,1.863,1.744
2024-07-01,1.863,1.744
2024-07-02,1.865,1.746
2024-07-03,1.868,1.751
2024-07-04,1.871,1.754
2024-07-05,1.873,1.756
2024-07-06,1.874,1.758
2024-07-07,1.875,1.759
2024-07-08,1.875,1.759
2024-07-09,1.875,1.759
2024-07-10,1.873,1.757
2024-07-11,1.872,1.756
2024-07-12,1.87,1.754
2024-07-13,1.869,1.753
2024-07-14,1.869,1.752
2024-07-15,1.869,1.752
2024-07-16,1.868,1.751
2024-07-17,1.867,1.75
2024-07-18,1.866,1.748
2024-07-19,1.864,1.747
2024-07-20,1.863,1.746
2024-07-21,1.863,1.745
2024-07-22,1.863,1.745
2024-07-23,1.86,1.743
2024-07-24,1.858,1.74
2024-07-25,1.856,1.738
2024-07-26,1.855,1.736
2024-07-27,1.851,1.732
2024-07-28,1.85,1.731
2024-07-29,1.85,1.731
2024-07-30,1.847,1.728
2024-07-31,1.846,1.726
2024-08-01,1.845,1.725
2024-08-02,1.844,1.724
2024-08-03,1.842,1.722
2024-08-04,1.841,1.721
2024-08-05,1.841,1.721
2024-08-06,1.838,1.718
2024-08-07,1.835,1.714
2024-08-08,1.832,1.712
2024-08-09,1.831,1.71
2024-08-10,1.829,1.708
2024-08-11,1.828,1.708
2024-08-12,1.828,1.707
2024-08-13,1.827,1.706
2024-08-14,1.827,1.705
2024-08-15,1.826,1.705
2024-08-16,1.826,1.705
2024-08-17,1.826,1.704
2024-08-18,1.826,1.704
2024-08-19,1.826,1.704
2024-08-20,1.825,1.703
2024-08-21,1.821,1.698
2024-08-22,1.817,1.693
2024-08-23,1.814,1.69
2024-08-24,1.812,1.687
2024-08-25,1.811,1.686
2024-08-26,1.81,1.685
2024-08-27,1.808,1.682
2024-08-28,1.805,1.68
2024-08-29,1.803,1.678
2024-08-30,1.802,1.676
2024-08-31,1.8,1.675
2024-09-01,1.799,1.674
2024-09-02,1.799,1.674
2024-09-03,1.797,1.672
2024-09-04,1.793,1.668
2024-09-05,1.789,1.664
2024-09-06,1.786,1.662
2024-09-07,1.783,1.659
2024-09-08,1.782,1.658
2024-09-09,1.781,1.658
2024-09-10,1.778,1.655
2024-09-11,1.771,1.65
2024-09-12,1.766,1.646
2024-09-13,1.762,1.642
2024-09-14,1.759,1.64
2024-09-15,1.758,1.64
2024-09-16,1.758,1.639
2024-09-17,1.755,1.637
2024-09-18,1.752,1.634
2024-09-19,1.749,1.631
2024-09-20,1.747,1.63
2024-09-21,1.746,1.628
2024-09-22,1.745,1.628
2024-09-23,1.745,1.628
2024-09-24,1.744,1.626
2024-09-25,1.743,1.626
2024-09-26,1.743,1.625
2024-09-27,1.74,1.623
2024-09-28,1.739,1.621
2024-09-29,1.738,1.621
2024-09-30,1.738,1.621
2024-10-01,1.735,1.618
2024-10-02,1.733,1.616
2024-10-03,1.734,1.617
2024-10-04,1.735,1.618
2024-10-05,1.739,1.623
2024-10-06,1.74,1.623
2024-10-07,1.74,1.624
2024-10-08,1.748,1.633
2024-10-09,1.756,1.641
2024-10-10,1.759,1.644
2024-10-11,1.761,1.646
2024-10-12,1.765,1.65
2024-10-13,1.766,1.651
2024-10-14,1.766,1.652
2024-10-15,1.769,1.654
2024-10-16,1.769,1.654
2024-10-17,1.768,1.652
2024-10-18,1.767,1.651
2024-10-19,1.766,1.648
2024-10-20,1.766,1.646
2024-10-21,1.766,1.646
2024-10-22,1.765,1.643
2024-10-23,1.764,1.642
2024-10-24,1.765,1.642
2024-10-25,1.765,1.643
2024-10-26,1.765,1.642
2024-10-27,1.765,1.642
2024-10-28,1.765,1.642
2024-10-29,1.763,1.641
2024-10-30,1.761,1.64
2024-10-31,1.76,1.638
2024-11-01,1.759,1.638
2024-11-02,1.759,1.638
2024-11-03,1.758,1.637
2024-11-04,1.758,1.637
2024-11-05,1.757,1.637
2024-11-06,1.758,1.639
2024-11-07,1.759,1.641
2024-11-08,1.759,1.642
2024-11-09,1.76,1.643
2024-11-10,1.76,1.643
2024-11-11,1.76,1.643
2024-11-12,1.759,1.642
2024-11-13,1.757,1.641
2024-11-14,1.756,1.64
2024-11-15,1.756,1.64
2024-11-16,1.756,1.64
2024-11-17,1.756,1.64
2024-11-18,1.755,1.64
2024-11-19,1.755,1.643
2024-11-20,1.757,1.648
2024-11-21,1.758,1.65
2024-11-22,1.761,1.655
2024-11-23,1.764,1.66
2024-11-24,1.764,1.661
2024-11-25,1.764,1.661
2024-11-26,1.766,1.664
2024-11-27,1.767,1.665
2024-11-28,1.766,1.665
2024-11-29,1.766,1.665
2024-11-30,1.765,1.665
2024-12-01,1.765,1.665
2024-12-02,1.765,1.665
2024-12-03,1.765,1.665
2024-12-04,1.764,1.664
2024-12-05,1.763,1.662
2024-12-06,1.761,1.661
2024-12-07,1.758,1.658
2024-12-08,1.757,1.657
2024-12-09,1.757,1.657
2024-12-10,1.755,1.655
2024-12-11,1.755,1.654
2024-12-12,1.754,1.654
2024-12-13,1.755,1.654
2024-12-14,1.755,1.655
2024-12-15,1.755,1.655
2024-12-16,1.755,1.655
2024-12-17,1.758,1.657
2024-12-18,1.759,1.659
2024-12-19,1.758,1.658
2024-12-20,1.758,1.658
2024-12-21,1.757,1.658
2024-12-22,1.757,1.658
2024-12-23,1.757,1.658
2024-12-24,1.757,1.658
2024-12-25,1.758,1.659
2024-12-26,1.759,1.659
2024-12-27,1.759,1.66
2024-12-28,1.76,1.661
2024-12-29,1.761,1.662
2024-12-31,1.761,1.662
2025-01-01,1.766,1.667
2025-01-02,1.768,1.669
2025-01-03,1.774,1.675
2025-01-04,1.781,1.682
2025-01-05,1.782,1.684
2025-01-06,1.782,1.684
2025-01-07,1.783,1.685
2025-01-08,1.788,1.69
2025-01-09,1.792,1.695
2025-01-10,1.794,1.696
2025-01-12,1.8,1.702
2025-01-13,1.8,1.703
2025-01-14,1.806,1.71
2025-01-15,1.818,1.723
2025-01-16,1.821,1.727
2025-01-17,1.825,1.733
2025-01-18,1.828,1.738
2025-01-19,1.829,1.74
2025-01-20,1.83,1.74
2025-01-21,1.831,1.742
2025-01-22,1.832,1.743
2025-01-23,1.832,1.744
2025-01-24,1.832,1.743
2025-01-25,1.831,1.742
2025-01-26,1.83,1.741
2025-01-27,1.83,1.741
2025-01-28,1.829,1.74
2025-01-29,1.827,1.738
2025-01-30,1.826,1.736
2025-01-31,1.825,1.735
2025-02-01,1.824,1.733
2025-02-02,1.824,1.732
2025-02-03,1.824,1.732
2025-02-04,1.824,1.731
2025-02-05,1.824,1.731
2025-02-06,1.824,1.731
2025-02-07,1.823,1.73
2025-02-08,1.822,1.728
2025-02-09,1.822,1.728
2025-02-10,1.822,1.728
2025-02-11,1.822,1.728
2025-02-12,1.825,1.731
2025-02-13,1.828,1.734
2025-02-14,1.828,1.734
2025-02-15,1.827,1.733
2025-02-16,1.827,1.733
2025-02-17,1.827,1.733
2025-02-18,1.827,1.733
2025-02-19,1.826,1.732
2025-02-20,1.826,1.732
2025-02-21,1.825,1.731
2025-02-22,1.825,1.731
2025-02-23,1.825,1.731
2025-02-24,1.825,1.731
2025-02-25,1.824,1.73
2025-02-26,1.821,1.728
2025-02-27,1.819,1.726
2025-02-28,1.818,1.724
2025-03-01,1.817,1.723
2025-03-02,1.816,1.722
2025-03-03,1.816,1.722
2025-03-04,1.814,1.72
2025-03-05,1.811,1.717
2025-03-06,1.806,1.712
2025-03-07,1.801,1.706
2025-03-08,1.797,1.703
2025-03-09,1.796,1.701
2025-03-10,1.795,1.701
2025-03-11,1.792,1.698
2025-03-12,1.79,1.695
2025-03-13,1.787,1.693
2025-03-14,1.785,1.69
2025-03-15,1.783,1.688
2025-03-16,1.782,1.687
2025-03-17,1.782,1.686
2025-03-18,1.779,1.683
2025-03-19,1.776,1.68
2025-03-20,1.773,1.677
2025-03-21,1.771,1.673
2025-03-22,1.769,1.671
2025-03-23,1.768,1.671
2025-03-24,1.768,1.671
2025-03-25,1.767,1.669
2025-03-26,1.766,1.668
2025-03-27,1.766,1.667
2025-03-28,1.766,1.667
2025-03-29,1.766,1.666
2025-03-30,1.766,1.666
2025-03-31,1.766,1.666
2025-04-01,1.766,1.666
2025-04-02,1.768,1.667
2025-04-03,1.769,1.668
2025-04-04,1.769,1.668
2025-04-05,1.766,1.664
2025-04-06,1.765,1.663
2025-04-07,1.765,1.663
2025-04-08,1.759,1.657
2025-04-09,1.755,1.652
2025-04-10,1.75,1.647
2025-04-11,1.745,1.641
2025-04-12,1.74,1.636
2025-04-13,1.737,1.633
2025-04-14,1.736,1.632
2025-04-15,1.731,1.627
2025-04-16,1.727,1.623
2025-04-17,1.724,1.62
2025-04-18,1.722,1.617
2025-04-19,1.72,1.615
2025-04-20,1.719,1.614
2025-04-21,1.719,1.614
2025-04-22,1.719,1.614
2025-04-23,1.717,1.612
2025-04-24,1.714,1.609
2025-04-25,1.712,1.607
2025-04-26,1.711,1.606
2025-04-27,1.711,1.605
2025-04-28,1.71,1.605
2025-04-29,1.708,1.603
2025-04-30,1.707,1.601
2025-05-01,1.705,1.599
2025-05-02,1.705,1.599
2025-05-03,1.704,1.597
2025-05-04,1.703,1.596
2025-05-05,1.702,1.596
2025-05-06,1.7,1.593
2025-05-07,1.698,1.59
2025-05-08,1.697,1.589
2025-05-09,1.696,1.587
2025-05-10,1.695,1.585
2025-05-11,1.695,1.585
2025-05-12,1.695,1.584
2025-05-13,1.698,1.584
2025-05-14,1.703,1.587
2025-05-15,1.707,1.59
2025-05-16,1.704,1.599
2025-05-17,1.703,1.603
2025-05-18,1.703,1.603
2025-05-19,1.703,1.604
2025-05-20,1.704,1.604
2025-05-21,1.703,1.604
2025-05-22,1.704,1.603
2025-05-23,1.703,1.603
2025-05-24,1.703,1.602
2025-05-25,1.703,1.602
2025-05-26,1.703,1.602
2025-05-27,1.702,1.601
2025-05-28,1.701,1.6
2025-05-29,1.7,1.599
2025-05-30,1.7,1.598
2025-05-31,1.699,1.597
2025-06-01,1.699,1.597
2025-06-02,1.698,1.596
2025-06-03,1.697,1.595
2025-06-04,1.696,1.594
2025-06-05,1.697,1.594
2025-06-06,1.696,1.594
2025-06-07,1.696,1.594
2025-06-08,1.696,1.594
2025-06-09,1.696,1.594
2025-06-10,1.696,1.594
2025-06-11,1.697,1.595
2025-06-12,1.697,1.596
2025-06-13,1.699,1.597
2025-06-14,1.705,1.604
2025-06-15,1.707,1.605
2025-06-16,1.707,1.606
2025-06-17,1.714,1.614
2025-06-18,1.72,1.621
2025-06-19,1.727,1.634
2025-06-20,1.737,1.649
2025-06-21,1.745,1.666
2025-06-22,1.747,1.669
2025-06-23,1.748,1.671
2025-06-24,1.751,1.681
2025-06-25,1.752,1.683
2025-06-26,1.751,1.683
2025-06-27,1.75,1.681
2025-06-28,1.747,1.679
2025-06-29,1.747,1.678
2025-06-30,1.746,1.678
2025-07-01,1.744,1.675
2025-07-02,1.74,1.671
2025-07-03,1.738,1.669
2025-07-04,1.735,1.667
2025-07-05,1.734,1.667
2025-07-06,1.734,1.666
2025-07-07,1.734,1.666
2025-07-08,1.733,1.666
2025-07-09,1.732,1.666
2025-07-10,1.732,1.667
2025-07-11,1.733,1.667
2025-07-12,1.732,1.668
2025-07-13,1.732,1.668
2025-07-14,1.732,1.668
2025-07-15,1.732,1.669
2025-07-16,1.732,1.669
2025-07-17,1.731,1.668
2025-07-18,1.73,1.667
2025-07-19,1.73,1.668
2025-07-20,1.73,1.668
2025-07-21,1.73,1.668
2025-07-22,1.73,1.669
2025-07-23,1.729,1.668
2025-07-24,1.727,1.667
2025-07-25,1.726,1.666
2025-07-26,1.724,1.664
2025-07-27,1.723,1.664
2025-07-28,1.723,1.664
2025-07-29,1.721,1.661
2025-07-30,1.72,1.659
2025-07-31,1.718,1.658
2025-08-01,1.718,1.656
2025-08-02,1.717,1.655
2025-08-03,1.717,1.655
2025-08-04,1.717,1.654
2025-08-05,1.717,1.654
2025-08-06,1.716,1.652
2025-08-07,1.715,1.651
2025-08-08,1.715,1.65
2025-08-09,1.714,1.648
2025-08-10,1.714,1.648
2025-08-11,1.714,1.648
2025-08-12,1.713,1.646
2025-08-13,1.711,1.645
2025-08-14,1.71,1.643
2025-08-15,1.708,1.641
2025-08-16,1.708,1.64
2025-08-17,1.707,1.64
2025-08-18,1.706,1.639
2025-08-19,1.705,1.637
2025-08-20,1.703,1.634
2025-08-21,1.702,1.633
2025-08-22,1.702,1.632
2025-08-23,1.702,1.632
2025-08-24,1.702,1.632
2025-08-25,1.702,1.632
2025-08-26,1.702,1.631
2025-08-27,1.702,1.631
2025-08-28,1.703,1.631
2025-08-29,1.703,1.632
2025-08-30,1.704,1.632
2025-08-31,1.704,1.632
2025-09-01,1.703,1.632
2025-09-02,1.703,1.631
2025-09-03,1.705,1.633
2025-09-04,1.709,1.636
2025-09-05,1.711,1.639
2025-09-06,1.713,1.64
2025-09-07,1.713,1.641
2025-09-08,1.713,1.641
2025-09-09,1.714,1.641
2025-09-10,1.714,1.641
2025-09-11,1.714,1.641
2025-09-12,1.714,1.641
2025-09-13,1.714,1.641
2025-09-14,1.714,1.64
2025-09-15,1.714,1.64
2025-09-16,1.714,1.641
2025-09-17,1.715,1.642
2025-09-18,1.716,1.644
2025-09-19,1.717,1.645
2025-09-20,1.717,1.645
2025-09-21,1.717,1.645
2025-09-22,1.717,1.645
2025-09-23,1.716,1.644
2025-09-24,1.715,1.643
2025-09-25,1.715,1.642
2025-09-26,1.714,1.642
2025-09-27,1.714,1.643
2025-09-28,1.715,1.644
2025-09-29,1.715,1.645
2025-09-30,1.717,1.646
2025-10-01,1.716,1.646
2025-10-02,1.716,1.645
2025-10-03,1.714,1.644
2025-10-04,1.713,1.642
2025-10-05,1.711,1.64
2025-10-06,1.711,1.64
2025-10-07,1.709,1.637
2025-10-08,1.707,1.636
2025-10-09,1.706,1.635
2025-10-10,1.705,1.634
2025-10-11,1.704,1.633
2025-10-12,1.703,1.632
2025-10-13,1.703,1.632
2025-10-14,1.701,1.63
2025-10-15,1.7,1.628
2025-10-16,1.698,1.627
2025-10-17,1.697,1.625
2025-10-18,1.695,1.623
2025-10-19,1.694,1.622
2025-10-20,1.694,1.622
2025-10-21,1.691,1.619
2025-10-22,1.689,1.616
2025-10-23,1.687,1.614
2025-10-24,1.688,1.616
2025-10-25,1.691,1.62
2025-10-26,1.691,1.621
2025-10-27,1.692,1.621
2025-10-28,1.695,1.628
2025-10-29,1.698,1.634
2025-10-30,1.698,1.636
2025-10-31,1.699,1.638
2025-11-01,1.701,1.642
2025-11-02,1.702,1.642
2025-11-03,1.702,1.643
2025-11-04,1.703,1.645
2025-11-05,1.704,1.648
2025-11-06,1.707,1.653
2025-11-07,1.71,1.661
2025-11-08,1.713,1.669
2025-11-09,1.714,1.671
2025-11-10,1.714,1.671
2025-11-11,1.715,1.674
2025-11-12,1.717,1.677
2025-11-13,1.721,1.684
2025-11-14,1.722,1.686
2025-11-15,1.723,1.689
2025-11-16,1.724,1.69
2025-11-17,1.724,1.691
2025-11-18,1.726,1.694
2025-11-19,1.729,1.699
2025-11-20,1.732,1.705
2025-11-21,1.733,1.708
2025-11-22,1.733,1.709
2025-11-23,1.734,1.709
2025-11-24,1.734,1.709
2025-11-25,1.733,1.709
2025-11-26,1.732,1.708
2025-11-27,1.731,1.707
2025-11-28,1.729,1.705
2025-11-29,1.727,1.702
2025-11-30,1.727,1.702
2025-12-01,1.727,1.702
2025-12-02,1.726,1.7
2025-12-03,1.725,1.698
2025-12-04,1.723,1.696
2025-12-05,1.722,1.691
2025-12-06,1.72,1.687
2025-12-07,1.719,1.685
2025-12-08,1.719,1.685
2025-12-09,1.719,1.684
2025-12-10,1.718,1.68
2025-12-11,1.716,1.677
2025-12-12,1.714,1.674
2025-12-13,1.711,1.669
2025-12-14,1.709,1.667
2025-12-15,1.709,1.667
2025-12-16,1.705,1.662
2025-12-17,1.702,1.658
2025-12-18,1.699,1.654
2025-12-19,1.696,1.65
2025-12-20,1.692,1.646
2025-12-21,1.691,1.645
2025-12-22,1.691,1.645
2025-12-23,1.688,1.641
2025-12-24,1.686,1.639
2025-12-25,1.685,1.638
2025-12-26,1.685,1.638
2025-12-27,1.685,1.638
2025-12-28,1.684,1.637
2025-12-29,1.684,1.637
2025-12-30,1.683,1.636
2025-12-31,1.683,1.636
2026-01-01,1.672,1.645
2026-01-02,1.665,1.651
2026-01-03,1.653,1.663
2026-01-04,1.65,1.665
2026-01-05,1.65,1.666
2026-01-06,1.646,1.667
2026-01-07,1.645,1.667
2026-01-08,1.642,1.667
2026-01-09,1.638,1.665
2026-01-10,1.636,1.664
2026-01-11,1.635,1.663
2026-01-12,1.635,1.662
2026-01-13,1.634,1.661
2026-01-14,1.634,1.661
2026-01-15,1.636,1.665
2026-01-16,1.637,1.668
2026-01-17,1.637,1.669
2026-01-18,1.637,1.669
2026-01-19,1.637,1.669
2026-01-20,1.637,1.67
2026-01-21,1.638,1.671
2026-01-22,1.641,1.675
2026-01-23,1.643,1.68
2026-01-24,1.644,1.681
2026-01-25,1.644,1.682
2026-01-26,1.644,1.682
2026-01-27,1.645,1.683
2026-01-28,1.645,1.683
2026-01-29,1.645,1.683
2026-01-30,1.647,1.682
2026-01-31,1.648,1.688
2026-02-01,1.648,1.689
2026-02-02,1.648,1.69
2026-02-03,1.649,1.693
2026-02-04,1.648,1.693
2026-02-05,1.648,1.694
2026-02-06,1.649,1.694
2026-02-07,1.648,1.694
2026-02-08,1.648,1.694
2026-02-09,1.648,1.695
2026-02-10,1.649,1.695
2026-02-11,1.65,1.696
2026-02-12,1.651,1.697
2026-02-13,1.652,1.699
2026-02-14,1.652,1.699
2026-02-15,1.652,1.699
2026-02-16,1.652,1.699
2026-02-17,1.652,1.7
2026-02-18,1.653,1.7
2026-02-19,1.652,1.699
2026-02-20,1.656,1.703
2026-02-21,1.661,1.708
2026-02-22,1.662,1.709
2026-02-23,1.662,1.71
2026-02-24,1.666,1.714
2026-02-25,1.668,1.718
2026-02-26,1.67,1.72
2026-02-27,1.672,1.723
2026-02-28,1.673,1.726
2026-03-01,1.674,1.728
2026-03-02,1.674,1.728
2026-03-03,1.693,1.753
2026-03-04,1.724,1.815
2026-03-05,1.744,1.867
2026-03-06,1.763,1.911
2026-03-07,1.777,1.95
2026-03-08,1.782,1.964
2026-03-09,1.783,1.968
2026-03-10,1.892,2.115
2026-03-11,1.811,2.133
2026-03-12,1.816,2.032
2026-03-13,1.823,2.044
2026-03-14,1.836,2.063
2026-03-15,1.84,2.068
2026-03-16,1.842,2.069
2026-03-17,1.855,2.087
2026-03-18,1.868,2.103
2026-03-19,1.886,2.123
2026-03-20,1.736,1.979
2026-03-21,1.716,1.967
2026-03-22,1.719,1.978
2026-03-23,1.724,1.986
2026-03-24,1.738,2.021
2026-03-25,1.743,2.037
2026-03-26,1.745,2.041
2026-03-27,1.745,2.044
2026-03-28,1.747,2.051
2026-03-29,1.747,2.054
2026-03-30,1.748,2.055
2026-03-31,1.753,2.068
2026-04-01,1.756,2.077
2026-04-02,1.758,2.083
2026-04-03,1.764,2.097
2026-04-04,1.778,2.129
2026-04-05,1.782,2.139
2026-04-06,1.782,2.139
2026-04-07,1.783,2.142
2026-04-08,1.79,2.177
2026-04-09,1.793,2.184
2026-04-10,1.79,2.18
2026-04-11,1.786,2.166
2026-04-12,1.784,2.161
2026-04-13,1.784,2.16
2026-04-14,1.781,2.153
2026-04-15,1.778,2.144
2026-04-16,1.774,2.134
2026-04-17,1.77,2.124
2026-04-18,1.764,2.113
2026-04-19,1.761,2.107
2026-04-20,1.759,2.104
2026-04-21,1.748,2.088
2026-04-22,1.741,2.075
2026-04-23,1.738,2.068
2026-04-24,1.738,2.064
2026-04-25,1.739,2.061
2026-04-26,1.739,2.061
2026-04-27,1.739,2.06
2026-04-28,1.742,2.059
2026-04-29,1.744,2.057
2026-04-30,1.747,2.054
2026-05-01,1.756,2.052
2026-05-02,1.817,2.05
2026-05-03,1.89,2.049
2026-05-04,1.9,2.049
2026-05-05,1.926,2.046
2026-05-06,1.934,2.044
2026-05-07,1.937,2.039
2026-05-08,1.935,2.028
2026-05-09,1.932,2.017
2026-05-10,1.931,2.011
2026-05-11,1.93,2.01
2026-05-12,1.929,2.0
2026-05-13,1.931,1.994
2026-05-14,1.936,1.99
2026-05-15,1.94,1.986
2026-05-16,1.943,1.982
2026-05-17,1.944,1.981
2026-05-18,1.944,1.98
2026-05-19,1.952,1.981
2026-05-20,1.962,1.983
2026-05-21,1.966,1.981
2026-05-22,1.967,1.977
2026-05-23,1.968,1.981
2026-05-24,1.969,2.04
2026-05-25,1.969,2.048
2026-05-26,1.969,2.059
2026-05-27,1.966,2.054
2026-05-28,1.962,2.043
2026-05-29,1.956,2.031
2026-05-30,1.947,2.015
2026-05-31,1.944,2.01
2026-06-01,1.942,2.008
2026-06-02,1.937,1.999
2026-06-03,1.936,1.997
2026-06-04,1.932,1.991
2026-06-05,1.928,1.987
2026-06-06,1.923,1.983
2026-06-07,1.921,1.992
2026-06-08,1.919,2.006
2026-06-09,1.915,2.022
2026-06-10,1.911,2.02
2026-06-11,1.906,2.014
2026-06-12,1.901,2.009
2026-06-13,1.895,2.002
2026-06-14,1.893,2.0
2026-06-15,1.892,1.999
2026-06-16,1.884,1.988
2026-06-17,1.874,1.977
2026-06-18,1.865,1.966
2026-06-19,1.854,1.954
2026-06-20,1.844,1.941
2026-06-21,1.84,1.937
2026-06-22,1.838,1.934
2026-06-23,1.832,1.925
2026-06-24,1.826,1.918
2026-06-25,1.822,1.912
2026-06-26,1.817,1.905
2026-06-27,1.814,1.899
2026-06-28,1.813,1.897
2026-06-29,1.813,1.896
2026-06-30,1.811,1.892
2026-08-21,2.01,2.127
2026-08-22,2.014,2.134
2026-08-23,2.015,2.136
2026-08-24,2.016,2.137
2026-08-25,2.021,2.142
2026-08-26,2.023,2.143
2026-08-27,2.022,2.14
2026-08-28,2.021,2.138
2026-08-29,2.022,2.137
2026-08-30,2.022,2.136
2026-08-31,2.023,2.136
2026-09-01,2.027,2.137
